,HomeTeam,AwayTeam,FTR,Home_Days_Rest,Away_Days_Rest,Home_Avg_Scored_5,Home_Avg_Conceded_5,Home_Avg_Shots_Last_5,Home_Avg_Shots_Conceded_Last_5,Home_Wins_Last_5,Home_Losses_Last_5,Home_Total_Points,Home_Points_Last_5,Away_Avg_Scored_5,Away_Avg_Conceded_5,Away_Avg_Shots_Last_5,Away_Avg_Shots_Conceded_Last_5,Away_Wins_Last_5,Away_Losses_Last_5,Away_Total_Points,Away_Points_Last_5,Home_ELO_Score,Away_ELO_Score,ELO_Diff
0,Bayern Munich,RB Leipzig,H,15.0,15.0,0.0,0.0,0.0,0.0,0.0,0.0,0.0,0.0,0.0,0.0,0.0,0.0,0.0,0.0,0.0,0.0,1930.0,1720.0,210.0
1,Ein Frankfurt,Werder Bremen,H,15.0,15.0,0.0,0.0,0.0,0.0,0.0,0.0,0.0,0.0,0.0,0.0,0.0,0.0,0.0,0.0,0.0,0.0,1640.0,1597.0,43.0
2,Freiburg,Augsburg,A,15.0,15.0,0.0,0.0,0.0,0.0,0.0,0.0,0.0,0.0,0.0,0.0,0.0,0.0,0.0,0.0,0.0,0.0,1644.0,1564.0,80.0
3,Heidenheim,Wolfsburg,A,15.0,15.0,0.0,0.0,0.0,0.0,0.0,0.0,0.0,0.0,0.0,0.0,0.0,0.0,0.0,0.0,0.0,0.0,1530.0,1585.0,-55.0
4,Leverkusen,Hoffenheim,A,15.0,15.0,0.0,0.0,0.0,0.0,0.0,0.0,0.0,0.0,0.0,0.0,0.0,0.0,0.0,0.0,0.0,0.0,1820.0,1672.0,148.0
5,Union Berlin,Stuttgart,H,15.0,15.0,0.0,0.0,0.0,0.0,0.0,0.0,0.0,0.0,0.0,0.0,0.0,0.0,0.0,0.0,0.0,0.0,1576.0,1500.0,76.0
6,St Pauli,Dortmund,D,15.0,15.0,0.0,0.0,0.0,0.0,0.0,0.0,0.0,0.0,0.0,0.0,0.0,0.0,0.0,0.0,0.0,0.0,1533.0,1845.0,-312.0
7,Mainz,FC Koln,A,15.0,15.0,0.0,0.0,0.0,0.0,0.0,0.0,0.0,0.0,0.0,0.0,0.0,0.0,0.0,0.0,0.0,0.0,1631.0,1529.0,102.0
8,M'gladbach,Hamburg,D,15.0,15.0,0.0,0.0,0.0,0.0,0.0,0.0,0.0,0.0,0.0,0.0,0.0,0.0,0.0,0.0,0.0,0.0,1590.0,1550.0,40.0
9,Hamburg,St Pauli,A,5.0,6.0,0.0,0.0,0.0,0.0,0.0,0.0,1.0,0.0,0.0,0.0,0.0,0.0,0.0,0.0,1.0,0.0,1551.1462326752458,1540.153266371077,10.992966304168704
10,Hoffenheim,Ein Frankfurt,A,7.0,7.0,0.0,0.0,0.0,0.0,0.0,0.0,3.0,0.0,0.0,0.0,0.0,0.0,0.0,0.0,3.0,0.0,1686.0195479722022,1648.7686412205271,37.250906751675075
11,RB Leipzig,Heidenheim,H,8.0,7.0,0.0,0.0,0.0,0.0,0.0,0.0,0.0,0.0,0.0,0.0,0.0,0.0,0.0,0.0,0.0,0.0,1715.4019335332196,1521.569935046895,193.83199848632466
12,Stuttgart,M'gladbach,H,7.0,6.0,0.0,0.0,0.0,0.0,0.0,0.0,0.0,0.0,0.0,0.0,0.0,0.0,0.0,0.0,1.0,0.0,1492.1532212825364,1588.8537673247542,-96.70054604221787
13,Werder Bremen,Leverkusen,D,7.0,7.0,0.0,0.0,0.0,0.0,0.0,0.0,0.0,0.0,0.0,0.0,0.0,0.0,0.0,0.0,0.0,0.0,1588.2313587794729,1812.990226013899,-224.75886723442613
14,Augsburg,Bayern Munich,A,7.0,8.0,0.0,0.0,0.0,0.0,0.0,0.0,3.0,0.0,0.0,0.0,0.0,0.0,0.0,0.0,3.0,0.0,1576.262736403063,1932.2990332333902,-356.0362968303273
17,Wolfsburg,Mainz,D,8.0,7.0,0.0,0.0,0.0,0.0,0.0,0.0,3.0,0.0,0.0,0.0,0.0,0.0,0.0,0.0,0.0,0.0,1593.430064953105,1618.1457386233476,-24.715673670242495
16,Dortmund,Union Berlin,H,8.0,8.0,0.0,0.0,0.0,0.0,0.0,0.0,1.0,0.0,0.0,0.0,0.0,0.0,0.0,0.0,3.0,0.0,1841.4233668144614,1583.8467787174636,257.57658809699774
15,FC Koln,Freiburg,H,7.0,8.0,0.0,0.0,0.0,0.0,0.0,0.0,3.0,0.0,0.0,0.0,0.0,0.0,0.0,0.0,0.0,0.0,1541.8542613766524,1631.737263596937,-89.88300222028465
18,Leverkusen,Ein Frankfurt,H,13.0,13.0,0.0,0.0,0.0,0.0,0.0,0.0,1.0,0.0,0.0,0.0,0.0,0.0,0.0,0.0,6.0,0.0,1810.1423020772825,1659.836718966048,150.30558311123445
19,Freiburg,Stuttgart,H,13.0,14.0,0.0,0.0,0.0,0.0,0.0,0.0,0.0,0.0,0.0,0.0,0.0,0.0,0.0,0.0,3.0,0.0,1619.2064334720367,1504.8667768158703,114.33965665616643
20,Heidenheim,Dortmund,A,14.0,13.0,0.0,0.0,0.0,0.0,0.0,0.0,0.0,0.0,0.0,0.0,0.0,0.0,0.0,0.0,4.0,0.0,1516.6340620861959,1843.2735209989596,-326.63945891276376
21,Mainz,RB Leipzig,A,13.0,14.0,0.0,0.0,0.0,0.0,0.0,0.0,1.0,0.0,0.0,0.0,0.0,0.0,0.0,0.0,3.0,0.0,1617.435561905136,1720.3378064939186,-102.90224458878265
22,Union Berlin,Hoffenheim,A,13.0,14.0,0.0,0.0,0.0,0.0,0.0,0.0,3.0,0.0,0.0,0.0,0.0,0.0,0.0,0.0,3.0,0.0,1580.1464703484671,1674.9514702266813,-94.80499987821418
23,Wolfsburg,FC Koln,D,13.0,13.0,0.0,0.0,0.0,0.0,0.0,0.0,4.0,0.0,0.0,0.0,0.0,0.0,0.0,0.0,6.0,0.0,1594.1402416713167,1554.3850915015528,39.755150169763965
24,Bayern Munich,Hamburg,H,14.0,15.0,0.0,0.0,0.0,0.0,0.0,0.0,6.0,0.0,0.0,0.0,0.0,0.0,0.0,0.0,1.0,0.0,1933.4400525869767,1540.8299352133258,392.61011737365084
26,St Pauli,Augsburg,H,16.0,15.0,0.0,0.0,0.0,0.0,0.0,0.0,4.0,0.0,0.0,0.0,0.0,0.0,0.0,0.0,3.0,0.0,1550.469563832997,1573.98069769589,-23.511133862893075
25,M'gladbach,Werder Bremen,A,15.0,15.0,0.0,0.0,0.0,0.0,0.0,0.0,1.0,0.0,0.0,0.0,0.0,0.0,0.0,0.0,1.0,0.0,1576.1402117914204,1593.9272066527062,-17.786994861285848
27,Stuttgart,St Pauli,H,6.0,5.0,0.0,0.0,0.0,0.0,0.0,0.0,3.0,0.0,0.0,0.0,0.0,0.0,0.0,0.0,7.0,0.0,1498.0438592809799,1561.1452376074444,-63.101378326464555
28,Augsburg,Mainz,A,6.0,7.0,0.0,0.0,0.0,0.0,0.0,0.0,3.0,0.0,0.0,0.0,0.0,0.0,0.0,0.0,1.0,0.0,1563.3050239214426,1610.313658628814,-47.00863470737136
29,Hamburg,Heidenheim,H,7.0,7.0,0.0,0.0,0.0,0.0,0.0,0.0,1.0,0.0,0.0,0.0,0.0,0.0,0.0,0.0,0.0,0.0,1538.9402057097504,1513.9869458572284,24.953259852522024
30,Hoffenheim,Bayern Munich,A,7.0,7.0,0.0,0.0,0.0,0.0,0.0,0.0,6.0,0.0,0.0,0.0,0.0,0.0,0.0,0.0,9.0,0.0,1682.288529999815,1934.3849173387644,-252.0963873389494
31,Werder Bremen,Freiburg,A,6.0,7.0,0.0,0.0,0.0,0.0,0.0,0.0,4.0,0.0,0.0,0.0,0.0,0.0,0.0,0.0,3.0,0.0,1603.415702582729,1626.029351006927,-22.613648424198118
32,RB Leipzig,FC Koln,H,7.0,7.0,0.0,0.0,0.0,0.0,0.0,0.0,6.0,0.0,0.0,0.0,0.0,0.0,0.0,0.0,7.0,0.0,1727.4597097702406,1555.5243688629841,171.93534090725643
35,Leverkusen,M'gladbach,D,9.0,7.0,0.0,0.0,0.0,0.0,0.0,0.0,4.0,0.0,0.0,0.0,0.0,0.0,0.0,0.0,1.0,0.0,1813.104783312207,1566.6517158613976,246.45306745080939
33,Dortmund,Wolfsburg,H,8.0,8.0,0.0,0.0,0.0,0.0,0.0,0.0,7.0,0.0,0.0,0.0,0.0,0.0,0.0,0.0,5.0,0.0,1844.5970791134432,1593.0009643098854,251.59611480355784
34,Ein Frankfurt,Union Berlin,A,9.0,8.0,0.0,0.0,0.0,0.0,0.0,0.0,6.0,0.0,0.0,0.0,0.0,0.0,0.0,0.0,3.0,0.0,1653.9117564961987,1572.8094105753335,81.10234592086522
36,Bayern Munich,Werder Bremen,H,6.0,6.0,0.0,0.0,0.0,0.0,0.0,0.0,12.0,0.0,0.0,0.0,0.0,0.0,0.0,0.0,4.0,0.0,1936.2831123126393,1594.0656581489682,342.21745416367116
37,Heidenheim,Augsburg,H,7.0,7.0,0.0,0.0,0.0,0.0,0.0,0.0,0.0,0.0,0.0,0.0,0.0,0.0,0.0,0.0,3.0,0.0,1504.7039260350657,1554.6498448412574,-49.945918806191685
38,Mainz,Dortmund,A,7.0,6.0,0.0,0.0,0.0,0.0,0.0,0.0,4.0,0.0,0.0,0.0,0.0,0.0,0.0,0.0,10.0,0.0,1618.9688377089992,1846.4997068325872,-227.530869123588
39,St Pauli,Leverkusen,A,8.0,6.0,0.0,0.0,0.0,0.0,0.0,0.0,7.0,0.0,0.0,0.0,0.0,0.0,0.0,0.0,5.0,0.0,1549.3487436660241,1810.0534412447398,-260.7046975787157
40,Wolfsburg,RB Leipzig,A,6.0,7.0,0.0,0.0,0.0,0.0,0.0,0.0,5.0,0.0,0.0,0.0,0.0,0.0,0.0,0.0,9.0,0.0,1589.1957088715974,1732.878980922113,-143.6832720505156
41,M'gladbach,Ein Frankfurt,A,6.0,6.0,0.0,0.0,0.0,0.0,0.0,0.0,2.0,0.0,0.0,0.0,0.0,0.0,0.0,0.0,6.0,0.0,1572.7543999963323,1641.618938193868,-68.8645381975357
42,Freiburg,Hoffenheim,D,8.0,8.0,0.0,0.0,0.0,0.0,0.0,0.0,6.0,0.0,0.0,0.0,0.0,0.0,0.0,0.0,6.0,0.0,1635.3793954406879,1678.492140052065,-43.11274461137714
43,FC Koln,Stuttgart,A,8.0,9.0,0.0,0.0,0.0,0.0,0.0,0.0,7.0,0.0,0.0,0.0,0.0,0.0,0.0,0.0,6.0,0.0,1550.1050977111117,1509.8403532224002,40.264744488711585
44,Union Berlin,Hamburg,D,7.0,8.0,0.0,0.0,0.0,0.0,0.0,0.0,6.0,0.0,0.0,0.0,0.0,0.0,0.0,0.0,4.0,0.0,1585.1022288776642,1548.2232255319132,36.879003345751016
45,Hoffenheim,FC Koln,A,5.0,5.0,1.8,2.2,12.6,12.0,2.0,2.0,7.0,7.0,2.0,1.8,14.2,15.6,2.0,2.0,7.0,7.0,1677.257585552533,1538.9513458499312,138.30623970260194
50,Dortmund,RB Leipzig,D,7.0,7.0,2.2,0.6,11.6,9.4,4.0,0.0,13.0,13.0,1.4,1.4,17.6,14.4,4.0,1.0,12.0,12.0,1848.6249552042948,1738.9641217664457,109.66083343784908
48,Werder Bremen,St Pauli,H,8.0,7.0,1.6,2.8,11.0,16.6,1.0,3.0,4.0,4.0,1.6,1.6,12.6,9.0,2.0,2.0,7.0,7.0,1591.617798825608,1545.702430723757,45.915368101850845
49,Augsburg,Wolfsburg,H,7.0,7.0,1.6,2.4,12.0,14.4,1.0,4.0,3.0,3.0,1.4,1.4,14.4,14.0,1.0,2.0,5.0,5.0,1543.222107311172,1583.1105680272647,-39.888460716092595
46,Ein Frankfurt,Bayern Munich,A,7.0,8.0,3.4,2.6,16.0,13.4,3.0,2.0,9.0,9.0,4.4,0.6,21.0,10.4,5.0,0.0,15.0,15.0,1649.6624122465596,1937.5070419743195,-287.84462972775987
47,Leverkusen,Union Berlin,H,7.0,6.0,2.0,1.6,10.6,12.2,2.0,1.0,8.0,8.0,1.6,2.2,12.4,15.2,2.0,2.0,7.0,7.0,1811.8765977158735,1584.0447344656584,227.83186325021506
51,Stuttgart,Heidenheim,H,7.0,8.0,1.4,1.2,14.6,12.0,3.0,2.0,9.0,9.0,0.8,2.0,9.8,16.2,1.0,4.0,3.0,3.0,1520.9941050835807,1516.131663565151,4.862441518429705
52,Hamburg,Mainz,H,7.0,8.0,0.4,1.6,11.8,17.4,1.0,2.0,5.0,5.0,1.0,1.2,13.8,14.0,1.0,3.0,4.0,4.0,1549.280719943919,1614.7183409655838,-65.43762102166488
53,M'gladbach,Freiburg,D,8.0,7.0,1.0,2.4,15.0,13.2,0.0,3.0,2.0,2.0,1.8,1.8,11.6,13.2,2.0,2.0,7.0,7.0,1564.7109259436406,1636.6139499402198,-71.90302399657912
54,Union Berlin,M'gladbach,H,13.0,12.0,1.2,2.4,12.8,15.0,1.0,3.0,7.0,4.0,1.0,2.4,13.4,14.2,0.0,3.0,3.0,2.0,1579.8000343297597,1566.751412979588,13.048621350171743
55,FC Koln,Augsburg,D,15.0,14.0,2.0,1.8,13.8,14.8,2.0,2.0,10.0,7.0,1.6,2.4,11.2,14.0,1.0,4.0,6.0,3.0,1552.734372589523,1554.3651716905604,-1.6307991010373826
56,Heidenheim,Werder Bremen,D,13.0,14.0,0.6,1.6,9.4,16.8,1.0,4.0,3.0,3.0,1.6,2.0,12.0,15.6,2.0,2.0,7.0,7.0,1506.2716067454915,1600.3038885369592,-94.03228179146777
57,Mainz,Leverkusen,A,13.0,14.0,1.0,1.8,12.2,14.6,1.0,3.0,4.0,4.0,2.2,1.2,13.2,12.2,3.0,0.0,11.0,11.0,1602.856854222507,1813.9989477838228,-211.14209356131573
58,RB Leipzig,Hamburg,H,14.0,13.0,1.6,0.4,17.8,13.6,4.0,0.0,13.0,13.0,1.2,1.6,13.4,16.2,2.0,2.0,8.0,7.0,1742.01961713965,1561.1422066869957,180.87741045265443
59,Wolfsburg,Stuttgart,A,14.0,13.0,1.0,1.8,14.2,14.6,0.0,3.0,5.0,2.0,1.4,0.8,14.0,11.4,4.0,1.0,12.0,12.0,1571.9675036478764,1530.8541619032403,41.113341744636045
60,Bayern Munich,Dortmund,H,14.0,14.0,3.8,0.6,19.6,9.2,5.0,0.0,18.0,15.0,1.8,0.2,13.0,9.8,4.0,0.0,14.0,13.0,1939.1087377444135,1847.0972075176926,92.01153022672088
62,Freiburg,Ein Frankfurt,D,14.0,15.0,1.6,1.2,10.8,12.2,2.0,1.0,8.0,8.0,2.6,3.0,13.6,13.8,2.0,3.0,9.0,6.0,1634.5734629042724,1646.4590207063716,-11.885557802099129
61,St Pauli,Hoffenheim,A,15.0,16.0,1.0,1.2,13.0,10.4,2.0,3.0,7.0,6.0,1.4,2.2,13.6,12.6,1.0,3.0,7.0,4.0,1537.0163410124057,1663.4745588129413,-126.45821780053552
63,Werder Bremen,Union Berlin,H,6.0,7.0,1.4,1.8,11.8,19.8,2.0,2.0,8.0,7.0,1.8,2.0,13.6,14.4,2.0,2.0,10.0,7.0,1597.6616239979023,1589.4246413009676,8.236982696934774
68,Ein Frankfurt,St Pauli,H,6.0,6.0,2.4,3.2,13.4,12.8,1.0,3.0,10.0,4.0,0.6,1.8,11.6,12.2,1.0,4.0,7.0,3.0,1646.1170602399832,1530.5034549371214,115.61360530286174
69,Augsburg,RB Leipzig,A,7.0,7.0,1.4,2.0,11.2,11.8,1.0,3.0,7.0,4.0,1.6,0.6,16.0,15.6,4.0,0.0,16.0,13.0,1554.3182338640236,1747.2379332548983,-192.9196993908747
67,Hamburg,Wolfsburg,A,7.0,7.0,1.4,1.6,15.4,14.8,2.0,2.0,8.0,7.0,0.8,2.2,14.2,14.2,0.0,4.0,5.0,1.0,1555.9238905717475,1560.7896591578342,-4.865768586086688
66,Hoffenheim,Heidenheim,H,6.0,7.0,1.8,1.6,13.0,12.8,2.0,2.0,10.0,7.0,1.0,1.6,14.6,15.2,1.0,3.0,4.0,4.0,1669.9874448882256,1508.9138712845483,161.07357360367723
65,Dortmund,FC Koln,H,7.0,7.0,1.4,0.6,12.4,10.4,3.0,1.0,14.0,10.0,1.4,1.8,12.0,14.4,1.0,2.0,11.0,5.0,1843.3912478100185,1552.7813104160598,290.6099373939587
64,M'gladbach,Bayern Munich,A,8.0,7.0,1.2,2.8,12.0,14.8,0.0,3.0,3.0,2.0,3.6,0.4,18.6,8.8,5.0,0.0,21.0,15.0,1557.12680600838,1942.8146974520876,-385.6878914437075
70,Leverkusen,Freiburg,H,8.0,7.0,2.4,1.2,15.2,12.2,4.0,0.0,14.0,13.0,1.8,0.8,10.8,10.2,2.0,0.0,9.0,9.0,1816.2863618283186,1634.9154233706608,181.37093845765776
71,Stuttgart,Mainz,H,8.0,8.0,1.8,0.8,14.4,10.6,4.0,1.0,15.0,12.0,1.4,2.4,11.2,16.4,1.0,4.0,4.0,3.0,1542.0320063932825,1598.2820261335155,-56.25001974023303
72,Augsburg,Dortmund,A,6.0,6.0,1.2,2.8,12.2,12.2,1.0,3.0,7.0,4.0,1.2,0.6,14.4,10.2,3.0,1.0,17.0,10.0,1549.3628108577807,1844.9716465689826,-295.6088357112019
73,Heidenheim,Ein Frankfurt,D,7.0,7.0,1.2,1.8,15.8,14.6,1.0,3.0,4.0,4.0,2.6,2.6,12.8,11.0,2.0,2.0,13.0,7.0,1503.2440658770354,1652.9070502239572,-149.6629843469218
74,Mainz,Werder Bremen,D,6.0,8.0,1.6,2.6,11.2,16.4,1.0,4.0,4.0,3.0,0.8,1.8,12.6,18.4,2.0,2.0,11.0,7.0,1586.6770193472578,1607.4245889864371,-20.747569639179346
75,RB Leipzig,Stuttgart,H,7.0,6.0,2.6,0.6,15.2,16.0,4.0,0.0,19.0,13.0,2.0,0.4,16.8,10.4,5.0,0.0,18.0,15.0,1752.1933562611412,1553.6370131795402,198.55634308160097
76,St Pauli,M'gladbach,A,7.0,7.0,0.2,2.0,10.8,12.2,0.0,5.0,7.0,0.0,1.2,2.6,8.4,17.8,0.0,3.0,3.0,2.0,1523.7134649531474,1555.167779796519,-31.45431484337155
77,Union Berlin,Freiburg,D,8.0,6.0,1.4,1.4,12.0,15.8,2.0,2.0,10.0,7.0,1.2,1.0,10.0,12.6,1.0,1.0,9.0,6.0,1579.6616763124327,1629.7080568141907,-50.046380501757994
78,Bayern Munich,Leverkusen,H,7.0,6.0,3.2,0.4,19.6,7.2,5.0,0.0,24.0,15.0,2.2,1.0,15.4,11.6,4.0,0.0,17.0,13.0,1943.794210558018,1818.8900451065535,124.90416545146445
79,FC Koln,Hamburg,H,8.0,8.0,0.8,1.4,10.2,17.0,1.0,3.0,11.0,4.0,1.4,0.8,19.0,11.6,2.0,2.0,8.0,7.0,1549.6205128981317,1546.063929494026,3.556583404105595
80,Wolfsburg,Hoffenheim,A,8.0,8.0,0.4,1.6,12.6,16.8,1.0,4.0,8.0,3.0,1.6,1.4,14.0,11.2,2.0,2.0,13.0,7.0,1570.6496202355556,1675.6572502957385,-105.00763006018292
81,Werder Bremen,Wolfsburg,H,6.0,5.0,1.0,1.4,11.2,18.4,2.0,1.0,12.0,8.0,0.8,2.0,13.0,16.4,1.0,4.0,8.0,3.0,1606.828134753508,1563.5831977947116,43.244936958796416
86,Hamburg,Dortmund,D,6.0,8.0,1.2,1.4,16.8,12.2,1.0,3.0,8.0,4.0,1.2,0.6,13.0,10.0,3.0,1.0,20.0,10.0,1536.1662926176307,1846.514130782077,-310.34783816444633
85,Hoffenheim,RB Leipzig,H,6.0,7.0,2.0,1.0,13.6,10.0,3.0,1.0,16.0,10.0,2.6,0.6,14.8,16.2,4.0,0.0,22.0,13.0,1682.7236727365826,1757.028821227038,-74.3051484904554
84,Leverkusen,Heidenheim,H,7.0,7.0,2.0,1.4,14.2,12.6,4.0,1.0,17.0,12.0,1.2,1.6,13.6,13.4,1.0,2.0,5.0,5.0,1815.6139264283422,1507.3036676581942,308.31025877014804
83,Union Berlin,Bayern Munich,D,7.0,7.0,0.6,0.8,12.0,14.6,1.0,2.0,11.0,5.0,3.0,0.2,19.6,6.2,5.0,0.0,27.0,15.0,1581.092246303798,1947.0703292362293,-365.97808293243133
82,M'gladbach,FC Koln,H,7.0,6.0,1.8,2.4,8.8,18.4,1.0,3.0,6.0,4.0,1.4,1.0,12.2,15.6,2.0,2.0,14.0,7.0,1564.2649171708833,1559.518149774527,4.74676739635629
87,Freiburg,St Pauli,H,8.0,8.0,0.6,1.0,10.6,12.4,0.0,1.0,10.0,4.0,0.2,2.4,12.2,11.8,0.0,5.0,7.0,0.0,1628.2774868228255,1514.616327578783,113.66115924404244
88,Stuttgart,Augsburg,H,8.0,9.0,1.8,1.0,16.2,11.8,4.0,1.0,18.0,12.0,1.0,2.2,10.4,10.8,1.0,3.0,7.0,4.0,1548.8015482136434,1546.277842431592,2.5237057820513655
89,Ein Frankfurt,Mainz,H,8.0,8.0,2.2,2.0,12.2,10.6,2.0,1.0,14.0,8.0,1.0,2.6,10.8,13.8,0.0,4.0,5.0,1.0,1648.8474484427984,1587.2734735801869,61.57397486261152
90,Mainz,Hoffenheim,D,12.0,13.0,1.0,2.4,9.8,14.6,0.0,4.0,5.0,1.0,2.4,1.0,13.0,12.2,4.0,1.0,19.0,12.0,1579.0273907961734,1694.830325424441,-115.80293462826762
96,Augsburg,Hamburg,H,13.0,14.0,1.2,2.4,12.2,12.0,1.0,3.0,7.0,4.0,1.4,1.6,15.4,13.4,1.0,3.0,9.0,4.0,1536.350479245497,1543.2962593879752,-6.94578014247827
95,Bayern Munich,Freiburg,H,14.0,13.0,2.6,0.6,16.8,6.8,4.0,0.0,28.0,13.0,0.8,1.0,11.0,10.8,1.0,1.0,13.0,6.0,1943.154764542037,1635.1179727600957,308.03679178194125
94,Dortmund,Stuttgart,D,14.0,13.0,1.0,0.8,14.4,10.2,2.0,1.0,21.0,8.0,2.0,1.2,16.6,12.4,4.0,1.0,21.0,12.0,1842.949147396905,1558.7289113997385,284.22023599716636
93,Heidenheim,M'gladbach,A,14.0,14.0,0.8,2.6,11.6,16.8,0.0,3.0,5.0,2.0,1.6,1.4,8.4,18.0,2.0,2.0,9.0,7.0,1504.4046811012952,1574.1283027227666,-69.72362162147147
92,Wolfsburg,Leverkusen,A,15.0,14.0,1.0,2.2,10.0,16.4,1.0,4.0,8.0,3.0,2.8,1.2,18.2,10.2,4.0,1.0,20.0,12.0,1554.8214989297562,1817.0634197067918,-262.2419207770356
91,FC Koln,Ein Frankfurt,A,14.0,13.0,1.4,1.2,13.2,14.4,2.0,2.0,14.0,7.0,1.2,1.2,10.8,9.0,2.0,1.0,17.0,8.0,1549.6547642226437,1657.0935312268118,-107.43876700416808
97,RB Leipzig,Werder Bremen,H,15.0,16.0,2.6,1.2,14.2,14.2,3.0,1.0,22.0,10.0,1.4,0.8,13.4,14.6,3.0,0.0,15.0,11.0,1744.9221685391794,1615.5898336184634,129.332334920716
98,St Pauli,Union Berlin,A,14.0,15.0,0.2,2.4,11.0,12.4,0.0,5.0,7.0,0.0,1.0,1.2,12.2,13.8,1.0,2.0,12.0,5.0,1507.775841641513,1588.9233756921826,-81.14753405066972
99,M'gladbach,RB Leipzig,D,6.0,5.0,2.2,1.4,9.8,17.0,3.0,2.0,12.0,9.0,2.8,1.0,16.0,14.2,4.0,1.0,25.0,12.0,1582.148008439323,1751.3626007090768,-169.2145922697539
104,Union Berlin,Heidenheim,A,6.0,7.0,1.2,0.8,11.8,12.2,2.0,1.0,15.0,8.0,0.8,3.0,12.0,16.4,0.0,3.0,5.0,2.0,1596.6293251814204,1496.384975384739,100.24434979668149
103,Hoffenheim,Augsburg,H,8.0,7.0,2.6,1.0,13.8,13.6,4.0,0.0,20.0,13.0,0.8,2.2,12.8,12.2,1.0,3.0,10.0,4.0,1691.6154284362572,1546.550368239515,145.06506019674225
100,Leverkusen,Dortmund,A,7.0,7.0,3.0,1.4,15.6,12.4,4.0,1.0,23.0,12.0,1.4,1.2,14.2,10.8,2.0,1.0,22.0,8.0,1818.873421498615,1839.5791073866542,-20.70568588803917
101,Werder Bremen,FC Koln,D,6.0,7.0,1.2,1.2,13.4,16.4,2.0,1.0,15.0,8.0,1.8,2.0,13.4,13.6,1.0,3.0,14.0,4.0,1609.149401448566,1542.6521616263738,66.49723982219234
102,Bayern Munich,St Pauli,H,7.0,6.0,3.2,1.0,18.8,7.2,4.0,0.0,31.0,13.0,0.2,2.4,10.8,11.0,0.0,5.0,7.0,0.0,1944.6062099623646,1500.069892152275,444.5363178100895
105,Hamburg,Stuttgart,H,8.0,8.0,0.6,1.8,15.4,13.8,0.0,4.0,9.0,1.0,2.4,1.8,16.2,14.2,3.0,1.0,22.0,10.0,1533.0963703939572,1565.46899142024,-32.372621026282786
106,Ein Frankfurt,Wolfsburg,D,8.0,8.0,2.0,1.2,11.8,8.8,3.0,0.0,20.0,11.0,1.0,2.2,11.4,15.8,1.0,4.0,8.0,3.0,1664.0961338230818,1551.2014953461098,112.89463847697198
107,Freiburg,Mainz,H,8.0,9.0,1.2,2.2,10.2,13.4,1.0,2.0,13.0,5.0,1.2,1.8,11.0,15.4,0.0,3.0,6.0,2.0,1632.2150819194403,1582.2422877843574,49.97279413508295
108,Mainz,M'gladbach,A,5.0,7.0,0.6,1.8,8.8,16.0,0.0,3.0,6.0,2.0,2.0,0.8,9.8,17.8,3.0,1.0,13.0,10.0,1573.6707830722319,1586.666638087493,-12.995855015261213
109,Augsburg,Leverkusen,H,7.0,7.0,0.6,2.6,13.6,13.8,1.0,4.0,10.0,3.0,2.4,1.2,14.4,11.4,3.0,2.0,23.0,9.0,1540.4988505658735,1814.1710479994817,-273.6721974336083
110,FC Koln,St Pauli,D,7.0,7.0,1.8,2.0,13.6,15.0,1.0,3.0,15.0,4.0,0.4,2.4,10.8,12.0,0.0,5.0,7.0,0.0,1544.543073047922,1498.6333508973448,45.90972215057718
111,Heidenheim,Freiburg,H,7.0,6.0,0.8,2.8,7.8,16.0,1.0,3.0,8.0,4.0,1.6,1.8,12.4,12.0,2.0,2.0,16.0,7.0,1509.1927551600204,1640.7865866315658,-131.5938314715454
112,Stuttgart,Bayern Munich,A,6.0,7.0,2.0,2.2,16.0,13.8,2.0,2.0,22.0,7.0,3.4,1.0,19.6,7.6,4.0,0.0,34.0,13.0,1554.5399195884786,1945.3244805898298,-390.7845610013512
113,Wolfsburg,Union Berlin,H,6.0,7.0,1.2,1.8,11.2,15.8,1.0,3.0,9.0,4.0,0.8,1.0,10.4,12.6,1.0,2.0,15.0,5.0,1554.3411357164346,1583.821545406139,-29.480409689704402
114,RB Leipzig,Ein Frankfurt,H,8.0,6.0,2.4,0.8,18.0,12.8,3.0,1.0,26.0,10.0,1.8,1.0,13.2,8.4,3.0,0.0,21.0,11.0,1746.8439710609066,1660.956493452757,85.88747760814954
115,Hamburg,Werder Bremen,H,7.0,8.0,0.8,1.6,14.2,14.6,1.0,3.0,12.0,4.0,1.0,1.0,14.6,12.2,2.0,1.0,16.0,8.0,1544.0254422257185,1607.2584900270178,-63.233047801299335
116,Dortmund,Hoffenheim,H,8.0,8.0,1.6,1.0,14.0,10.6,3.0,0.0,25.0,11.0,2.6,1.0,14.4,14.4,4.0,0.0,23.0,13.0,1844.2814808857875,1697.6669461098986,146.61453477588884
117,Union Berlin,RB Leipzig,H,6.0,6.0,1.0,1.4,12.2,10.2,1.0,2.0,15.0,5.0,2.4,0.8,18.2,11.4,3.0,1.0,29.0,10.0,1572.975061528654,1754.4210848926734,-181.44602336401954
118,Ein Frankfurt,Augsburg,H,7.0,7.0,1.4,2.2,12.8,9.8,2.0,1.0,21.0,8.0,1.0,1.4,13.2,14.8,2.0,3.0,13.0,6.0,1653.3793796209902,1557.0698457339502,96.30953388704006
119,Hoffenheim,Hamburg,H,6.0,6.0,2.0,1.2,13.8,13.6,3.0,1.0,23.0,10.0,1.4,1.8,11.2,15.4,2.0,2.0,15.0,7.0,1691.6530065052086,1555.8256033593161,135.8274031458925
120,M'gladbach,Wolfsburg,A,8.0,7.0,2.2,0.2,12.4,14.0,4.0,0.0,16.0,13.0,1.6,2.0,10.8,14.6,1.0,3.0,12.0,4.0,1596.2927616643346,1565.1876195939196,31.105142070415013
121,St Pauli,Heidenheim,H,7.0,7.0,0.6,2.2,10.0,12.2,0.0,4.0,8.0,1.0,1.0,2.4,8.6,16.4,2.0,2.0,11.0,7.0,1499.9471014875085,1522.8090345105593,-22.861933023050824
122,Leverkusen,FC Koln,H,7.0,7.0,2.0,1.6,14.6,12.0,2.0,3.0,23.0,6.0,2.0,2.0,14.8,10.6,1.0,2.0,16.0,5.0,1805.8855504154435,1543.2293224577584,262.65622795768513
123,Freiburg,Dortmund,D,8.0,7.0,1.8,1.8,13.6,11.4,2.0,2.0,16.0,7.0,1.8,1.0,10.2,11.8,3.0,0.0,28.0,11.0,1627.170307281027,1847.2884506881323,-220.11814340710544
124,Bayern Munich,Mainz,D,8.0,9.0,3.8,1.0,18.0,10.0,4.0,0.0,37.0,13.0,0.4,1.6,7.8,15.0,0.0,3.0,6.0,2.0,1946.278374893448,1564.0446594953903,382.2337153980577
125,Werder Bremen,Stuttgart,A,7.0,8.0,1.2,1.6,13.4,12.2,1.0,2.0,16.0,5.0,1.6,3.0,14.8,15.0,1.0,3.0,22.0,4.0,1595.4583288934202,1552.6321309812422,42.82619791217803
126,Dortmund,M'gladbach,H,5.0,6.0,1.8,1.2,11.0,14.2,2.0,0.0,29.0,9.0,1.6,0.8,12.2,13.0,3.0,1.0,16.0,10.0,1844.4859883329398,1585.3998680165034,259.08612031643634
127,Augsburg,Werder Bremen,D,7.0,6.0,1.0,1.4,13.8,16.0,2.0,3.0,13.0,6.0,1.0,2.2,14.2,15.0,1.0,3.0,16.0,4.0,1549.7729725448253,1584.231896994219,-34.458924449393635
128,FC Koln,Union Berlin,A,7.0,8.0,1.2,2.2,11.4,11.8,0.0,3.0,16.0,2.0,1.6,1.6,12.4,9.4,2.0,2.0,18.0,7.0,1539.6163843346505,1587.7693595227938,-48.15297518814327
129,Hamburg,Ein Frankfurt,D,7.0,7.0,1.4,1.8,11.8,12.8,2.0,2.0,15.0,7.0,1.4,2.0,11.8,10.4,3.0,1.0,24.0,10.0,1549.547329661117,1660.676252810115,-111.12892314899818
130,Stuttgart,Hoffenheim,D,6.0,7.0,2.2,2.4,16.8,13.6,2.0,2.0,25.0,7.0,2.2,1.0,13.8,14.0,3.0,1.0,26.0,10.0,1563.8585628804435,1697.9312802034078,-134.0727173229643
131,Wolfsburg,Freiburg,A,7.0,6.0,1.8,1.6,10.6,15.4,2.0,2.0,15.0,7.0,2.0,2.0,15.2,11.0,2.0,2.0,17.0,7.0,1576.0805132417506,1632.7752319914118,-56.694718749661206
132,RB Leipzig,Leverkusen,A,8.0,7.0,2.0,1.2,16.8,11.0,2.0,2.0,29.0,7.0,2.4,1.0,16.6,9.6,3.0,2.0,26.0,9.0,1739.6267868985335,1807.6920194769975,-68.06523257846402
134,Mainz,St Pauli,D,7.0,8.0,0.6,1.8,6.8,18.8,0.0,3.0,7.0,2.0,1.0,1.6,8.4,13.2,1.0,3.0,11.0,4.0,1572.0502138355978,1510.6041727386455,61.446041096952285
133,Heidenheim,Bayern Munich,A,8.0,7.0,1.0,2.6,10.8,14.8,2.0,3.0,11.0,6.0,3.6,1.4,19.2,9.6,3.0,0.0,38.0,11.0,1512.1519632594222,1942.2755977233442,-430.1236344639219
135,Ein Frankfurt,Dortmund,D,20.0,21.0,1.4,2.2,10.8,11.6,2.0,1.0,25.0,8.0,2.0,1.0,9.6,13.6,3.0,0.0,32.0,11.0,1657.5824969946277,1846.3230758270918,-188.74057883246405
136,Freiburg,Hamburg,H,21.0,21.0,2.4,2.4,16.6,12.2,2.0,2.0,20.0,7.0,1.4,1.8,11.8,11.2,2.0,2.0,16.0,7.0,1641.1577580269907,1552.6410854766043,88.51667255038637
137,Heidenheim,FC Koln,D,20.0,21.0,1.0,2.2,12.2,14.4,2.0,3.0,11.0,6.0,1.0,1.8,10.2,12.2,0.0,3.0,16.0,2.0,1510.600792119316,1530.9935319097488,-20.392739790432643
138,Union Berlin,Mainz,D,21.0,20.0,1.4,1.2,12.2,9.6,3.0,2.0,21.0,9.0,0.6,1.6,8.8,17.0,0.0,2.0,8.0,3.0,1596.3922119476956,1570.299865806036,26.09234614165962
139,Leverkusen,Stuttgart,A,21.0,21.0,1.8,1.2,14.6,13.2,3.0,2.0,29.0,9.0,1.6,2.0,15.4,11.0,1.0,2.0,26.0,5.0,1811.72482406648,1567.5366991247008,244.18812494177928
140,M'gladbach,Augsburg,H,23.0,22.0,1.0,1.0,11.6,11.2,2.0,2.0,16.0,7.0,0.6,0.8,13.2,14.4,2.0,2.0,14.0,7.0,1581.7256930281992,1550.7615407837197,30.964152244479465
141,Bayern Munich,Wolfsburg,H,21.0,22.0,4.0,1.0,21.4,8.8,4.0,0.0,41.0,13.0,2.2,2.0,11.8,14.4,2.0,2.0,15.0,7.0,1943.0511832933973,1567.6979872061718,375.35319608722557
142,Stuttgart,Ein Frankfurt,H,3.0,4.0,1.8,1.6,14.2,11.4,2.0,2.0,29.0,7.0,1.2,2.2,11.0,12.6,1.0,1.0,26.0,6.0,1583.5983088044286,1662.5368559234694,-78.93854711904078
143,Dortmund,Werder Bremen,H,4.0,24.0,2.0,1.0,10.0,12.8,3.0,0.0,33.0,11.0,0.6,2.0,12.0,16.4,0.0,3.0,17.0,2.0,1843.845896362671,1583.2433287553245,260.6025676073466
144,Mainz,Heidenheim,H,3.0,3.0,0.8,1.8,7.2,16.6,0.0,2.0,9.0,3.0,1.4,2.0,13.6,15.4,2.0,2.0,12.0,7.0,1571.0494552030555,1511.1870692447462,59.86238595830923
145,Wolfsburg,St Pauli,H,3.0,24.0,2.2,3.0,9.2,16.2,2.0,2.0,15.0,7.0,0.8,1.2,8.0,14.2,1.0,2.0,12.0,5.0,1565.6312881277713,1512.3545207682073,53.27676735956402
146,FC Koln,Bayern Munich,A,4.0,3.0,0.8,1.4,12.2,12.8,0.0,2.0,17.0,3.0,4.4,0.8,20.2,8.8,4.0,0.0,44.0,13.0,1530.4072547843186,1944.0845328325975,-413.6772780482788
147,Hoffenheim,M'gladbach,H,25.0,3.0,1.6,0.8,12.2,12.6,2.0,1.0,27.0,8.0,1.2,1.0,10.8,13.2,2.0,2.0,19.0,7.0,1694.2531439591505,1590.8368251865306,103.41631877261989
148,RB Leipzig,Freiburg,H,25.0,4.0,2.0,1.2,17.2,11.6,2.0,2.0,29.0,7.0,2.4,1.4,19.0,9.8,3.0,1.0,23.0,10.0,1731.5611777195681,1648.6637716326802,82.89740608688794
149,Augsburg,Union Berlin,D,4.0,5.0,0.4,1.6,14.0,13.8,1.0,3.0,14.0,4.0,1.6,1.6,14.0,9.0,2.0,2.0,22.0,7.0,1541.650408625388,1595.6426225506762,-53.99221392528807
150,Werder Bremen,Ein Frankfurt,D,3.0,3.0,0.6,2.2,10.2,15.6,0.0,3.0,17.0,2.0,1.4,2.6,10.4,14.6,1.0,2.0,26.0,5.0,1579.5952626204064,1650.3031263446017,-70.70786372419525
151,Dortmund,St Pauli,H,4.0,3.0,2.2,0.8,12.2,11.2,3.0,0.0,36.0,11.0,1.0,1.4,7.4,15.2,1.0,2.0,12.0,5.0,1845.66992943013,1503.8760423470835,341.79388708304646
152,FC Koln,Mainz,H,3.0,4.0,0.8,1.8,11.8,13.2,0.0,3.0,17.0,2.0,1.2,1.2,9.6,15.0,1.0,1.0,12.0,6.0,1528.7150859090782,1579.3433269247203,-50.62824101564206
153,Hamburg,M'gladbach,D,7.0,3.0,1.6,2.0,10.8,12.6,2.0,2.0,16.0,7.0,1.4,2.0,10.6,12.8,2.0,3.0,19.0,6.0,1545.1350718709148,1583.7284867299943,-38.59341485907953
154,Hoffenheim,Leverkusen,H,3.0,7.0,2.4,0.8,12.0,10.6,3.0,1.0,30.0,10.0,1.4,1.8,16.4,11.0,2.0,3.0,29.0,6.0,1701.3614824156869,1803.694019226616,-102.33253681092924
155,Wolfsburg,Heidenheim,D,3.0,4.0,2.4,3.0,9.8,15.0,3.0,2.0,18.0,9.0,1.2,2.2,14.6,16.2,1.0,3.0,12.0,4.0,1574.109766548895,1502.8931975230814,71.21656902581367
156,RB Leipzig,Bayern Munich,A,3.0,3.0,2.0,1.2,17.0,9.2,2.0,2.0,32.0,7.0,4.4,0.8,20.2,8.4,4.0,0.0,47.0,13.0,1739.2194678737644,1944.9306172702177,-205.71114939645327
157,Stuttgart,Union Berlin,D,5.0,3.0,2.2,1.6,15.4,12.0,3.0,1.0,32.0,10.0,1.6,1.4,15.4,8.8,2.0,1.0,23.0,8.0,1595.8320383832963,1594.1009918086113,1.731046574685024
158,Augsburg,Freiburg,D,3.0,4.0,0.6,1.2,13.0,13.6,1.0,2.0,15.0,5.0,1.6,1.8,15.0,13.8,2.0,2.0,23.0,7.0,1543.192039367453,1641.005481478484,-97.81344211103101
159,St Pauli,Hamburg,D,6.0,6.0,1.2,1.4,7.2,13.4,1.0,2.0,12.0,5.0,1.2,1.8,14.0,11.0,1.0,2.0,17.0,5.0,1501.4229402118826,1546.2413333501454,-44.81839313826276
160,Bayern Munich,Augsburg,A,7.0,6.0,4.4,1.0,20.2,9.2,4.0,0.0,50.0,13.0,0.6,1.6,13.0,12.0,0.0,2.0,16.0,3.0,1947.273652321267,1545.9352421350795,401.3384101861875
161,Ein Frankfurt,Hoffenheim,A,8.0,7.0,2.0,2.0,10.4,14.0,1.0,1.0,27.0,6.0,2.0,0.8,12.4,9.4,3.0,1.0,33.0,10.0,1648.2956295604731,1714.2245328218476,-65.92890326137444
162,Heidenheim,RB Leipzig,A,7.0,7.0,1.0,2.2,14.0,15.6,0.0,3.0,13.0,2.0,2.2,2.2,16.4,11.4,2.0,3.0,32.0,6.0,1504.9147418162302,1734.5333977716657,-229.61865595543554
163,Leverkusen,Werder Bremen,H,7.0,8.0,1.2,1.6,15.2,13.4,2.0,3.0,29.0,6.0,1.0,2.6,9.4,15.2,0.0,3.0,18.0,2.0,1797.2624940235357,1581.602759404535,215.6597346190008
164,Mainz,Wolfsburg,H,7.0,7.0,1.4,1.4,10.2,16.2,1.0,1.0,12.0,6.0,2.0,3.0,11.6,13.4,2.0,2.0,19.0,7.0,1567.896356324591,1572.0882222557464,-4.191865931155462
165,Union Berlin,Dortmund,A,6.0,7.0,1.6,1.0,15.2,10.6,2.0,0.0,24.0,9.0,2.4,1.2,12.6,10.8,3.0,0.0,39.0,11.0,1594.1508149218218,1846.8964804977304,-252.74566557590856
167,M'gladbach,Stuttgart,A,8.0,7.0,1.2,2.0,9.0,16.2,1.0,3.0,20.0,4.0,2.4,0.8,15.4,12.2,3.0,0.0,33.0,11.0,1582.6222252507637,1595.7822152700858,-13.159990019322095
166,Freiburg,FC Koln,H,7.0,8.0,1.8,1.8,14.2,13.2,2.0,1.0,24.0,8.0,1.0,1.8,13.6,14.4,1.0,3.0,20.0,4.0,1638.2622787108573,1540.1620565092076,98.10022220164979
168,St Pauli,RB Leipzig,D,4.0,3.0,1.0,1.2,7.8,12.2,1.0,2.0,13.0,5.0,1.6,2.2,15.4,11.2,2.0,3.0,35.0,6.0,1502.705809320816,1738.743806429796,-236.0379971089801
169,Werder Bremen,Hoffenheim,A,3.0,3.0,0.6,2.2,10.8,15.4,0.0,3.0,18.0,2.0,2.6,0.6,12.2,9.6,4.0,0.0,36.0,13.0,1577.1190411053385,1722.349399418493,-145.2303583131545
170,FC Koln,Wolfsburg,H,5.0,6.0,1.2,1.8,16.2,13.6,1.0,3.0,20.0,4.0,1.6,3.4,10.8,14.6,1.0,3.0,19.0,4.0,1532.9128906002045,1561.967576509685,-29.05468590948044
171,Augsburg,St Pauli,H,7.0,4.0,1.0,1.6,13.8,12.8,1.0,1.0,19.0,6.0,0.8,1.2,7.6,10.6,0.0,2.0,14.0,3.0,1564.129754967099,1508.6169188850135,55.512836082085414
172,Ein Frankfurt,Leverkusen,A,7.0,7.0,2.0,2.6,10.0,13.6,0.0,2.0,27.0,3.0,1.4,1.2,13.8,14.2,3.0,2.0,32.0,9.0,1640.1707629638277,1801.7462123227322,-161.5754493589045
173,Hoffenheim,Union Berlin,H,4.0,7.0,2.2,0.4,12.6,12.0,4.0,0.0,39.0,13.0,1.0,1.4,14.8,11.8,1.0,1.0,24.0,6.0,1728.3969019284075,1590.3659074474904,138.03099448091712
174,RB Leipzig,Mainz,A,4.0,7.0,1.6,1.8,16.0,10.2,2.0,2.0,36.0,7.0,1.6,1.2,13.2,12.8,2.0,1.0,15.0,8.0,1732.8326968655983,1578.0170020706523,154.815694794946
175,Werder Bremen,M'gladbach,D,4.0,6.0,0.6,1.8,14.2,13.0,0.0,3.0,18.0,2.0,1.0,2.0,8.6,17.4,1.0,3.0,20.0,4.0,1571.071538595424,1573.0008191717825,-1.929280576358451
176,Hamburg,Bayern Munich,D,8.0,7.0,0.6,1.4,12.6,10.6,0.0,2.0,18.0,3.0,4.2,1.0,18.4,11.4,4.0,1.0,50.0,12.0,1544.9584642412121,1938.1763959052573,-393.2179316640452
177,Stuttgart,Freiburg,H,7.0,7.0,2.2,0.8,14.0,12.8,3.0,0.0,36.0,11.0,2.0,1.8,12.6,15.2,3.0,1.0,27.0,10.0,1605.403621349067,1645.5114446198604,-40.10782327079346
178,Dortmund,Heidenheim,H,8.0,8.0,2.8,1.0,13.8,8.6,4.0,0.0,42.0,13.0,0.8,2.4,11.4,16.2,0.0,3.0,13.0,2.0,1848.7889342348963,1500.7043331580999,348.0846010767964
179,Union Berlin,Ein Frankfurt,D,6.0,6.0,1.0,2.0,15.8,11.0,0.0,2.0,24.0,3.0,2.0,3.0,10.4,14.0,0.0,3.0,27.0,2.0,1584.1421437274114,1634.5126868075843,-50.370543080172865
185,Mainz,Augsburg,H,7.0,7.0,2.0,1.4,12.8,14.8,3.0,1.0,18.0,10.0,1.4,1.8,13.4,14.4,2.0,1.0,22.0,8.0,1592.1997189926658,1572.5454264612565,19.654292531409283
184,Freiburg,Werder Bremen,H,6.0,7.0,1.2,1.4,11.8,16.2,2.0,2.0,27.0,7.0,0.8,2.0,16.0,11.6,0.0,3.0,19.0,2.0,1634.362149424496,1571.1270671833777,63.235082241118334
183,Heidenheim,Hamburg,A,6.0,7.0,1.2,2.2,12.2,15.4,0.0,3.0,13.0,2.0,0.8,1.0,12.6,11.2,0.0,1.0,19.0,4.0,1498.3281087550722,1553.0747134132573,-54.746604658185106
181,Wolfsburg,Dortmund,A,8.0,6.0,1.0,2.8,11.0,14.6,1.0,3.0,19.0,4.0,3.0,1.4,15.6,9.8,4.0,0.0,45.0,13.0,1551.1332594041648,1849.97704643641,-298.84378703224525
180,M'gladbach,Leverkusen,D,7.0,7.0,1.2,1.8,8.8,19.0,1.0,2.0,21.0,5.0,1.6,1.4,12.6,15.2,3.0,2.0,35.0,9.0,1572.9452905838289,1804.575250400854,-231.6299598170251
182,St Pauli,Stuttgart,H,7.0,6.0,1.0,1.6,10.0,10.4,0.0,3.0,14.0,2.0,2.4,0.8,15.6,14.2,4.0,0.0,39.0,13.0,1500.201247390856,1616.5529165444314,-116.35166915357536
186,FC Koln,RB Leipzig,A,9.0,8.0,1.4,1.6,16.6,14.2,2.0,2.0,23.0,7.0,1.6,1.6,15.2,9.4,2.0,2.0,36.0,7.0,1543.7472077057246,1718.6499799435849,-174.9027722378603
187,Bayern Munich,Hoffenheim,H,8.0,8.0,3.8,1.4,16.4,12.6,3.0,1.0,51.0,10.0,2.8,0.6,13.6,13.2,5.0,0.0,42.0,15.0,1934.1182713192347,1734.6206656484865,199.49760567074827
188,Dortmund,Mainz,H,6.0,6.0,2.8,1.0,16.6,9.8,5.0,0.0,48.0,15.0,2.0,1.0,13.0,14.2,4.0,1.0,21.0,12.0,1851.4953934287682,1601.6346256404588,249.86076778830943
191,Hamburg,Union Berlin,H,7.0,8.0,1.0,0.8,13.6,13.4,1.0,1.0,22.0,6.0,0.8,1.8,14.6,9.8,0.0,2.0,25.0,3.0,1561.511892726124,1585.5818517011035,-24.0699589749795
189,Hoffenheim,Freiburg,H,6.0,7.0,2.0,1.4,11.8,17.2,4.0,1.0,42.0,12.0,1.0,1.2,9.2,17.6,2.0,2.0,30.0,7.0,1729.8050385761205,1642.5619316326233,87.2431069434972
190,Ein Frankfurt,M'gladbach,H,8.0,7.0,1.6,2.6,8.6,13.0,0.0,3.0,28.0,2.0,0.6,2.0,8.2,17.6,0.0,2.0,22.0,3.0,1633.0729788338922,1578.7732385650747,54.29974026881746
192,Leverkusen,St Pauli,H,7.0,7.0,1.2,1.4,11.6,13.2,2.0,2.0,36.0,7.0,1.2,1.4,11.2,9.2,1.0,2.0,17.0,5.0,1801.661276410231,1513.430298646401,288.23097776382997
193,Werder Bremen,Bayern Munich,A,7.0,6.0,0.8,1.6,18.2,9.4,0.0,3.0,19.0,2.0,3.2,1.4,18.6,12.8,3.0,1.0,54.0,10.0,1562.9272849752504,1936.5260848554176,-373.59879988016723
194,Stuttgart,FC Koln,H,7.0,6.0,1.8,1.0,15.0,14.0,3.0,1.0,39.0,10.0,1.2,1.6,14.4,15.2,2.0,3.0,23.0,6.0,1603.3238652888863,1538.3951599061147,64.92870538277157
195,Augsburg,Heidenheim,H,8.0,8.0,1.4,1.4,12.8,14.0,2.0,1.0,22.0,8.0,0.8,2.2,13.4,14.0,0.0,4.0,13.0,1.0,1563.1105198134635,1489.8909294422056,73.21959037125794
196,RB Leipzig,Wolfsburg,D,7.0,8.0,1.6,1.8,14.8,10.8,2.0,2.0,39.0,7.0,1.0,1.6,11.8,15.6,1.0,3.0,19.0,4.0,1724.0020277431947,1548.0965654194486,175.90546232374618
197,Mainz,Hamburg,D,7.0,6.0,1.6,1.6,12.4,14.0,3.0,2.0,21.0,9.0,1.4,0.8,14.2,11.8,2.0,0.0,25.0,9.0,1598.7575275344482,1572.2035755962258,26.553951938222326
202,Bayern Munich,Ein Frankfurt,H,7.0,7.0,3.2,1.2,17.0,14.0,3.0,1.0,57.0,10.0,1.8,2.0,8.6,13.0,1.0,2.0,31.0,5.0,1937.5688294733686,1639.41027594551,298.15855352785866
201,FC Koln,Hoffenheim,D,7.0,7.0,1.2,1.6,14.8,14.0,2.0,3.0,23.0,6.0,2.4,1.4,13.0,18.2,4.0,1.0,45.0,12.0,1532.2806669249055,1735.4603543785279,-203.17968745362236
200,Union Berlin,Leverkusen,H,7.0,7.0,1.0,2.2,13.8,10.6,0.0,3.0,25.0,2.0,1.8,0.6,10.8,13.4,3.0,1.0,39.0,10.0,1577.563089548527,1803.2599828235466,-225.69689327501965
199,Wolfsburg,Augsburg,A,6.0,6.0,1.0,1.8,11.2,17.8,0.0,3.0,20.0,2.0,1.4,1.2,13.4,14.0,3.0,1.0,25.0,10.0,1551.5994755701627,1569.0529386477565,-17.453463077593824
198,RB Leipzig,Dortmund,D,6.0,8.0,1.8,1.2,15.4,9.0,2.0,1.0,40.0,8.0,3.0,1.0,15.8,10.6,5.0,0.0,51.0,15.0,1720.4991175924806,1853.4134588327752,-132.91434124029456
203,Freiburg,M'gladbach,H,8.0,8.0,1.0,1.4,11.2,18.4,2.0,2.0,30.0,7.0,0.4,1.6,10.8,16.4,0.0,2.0,22.0,3.0,1636.906615830216,1572.435941453457,64.470674376759
204,St Pauli,Werder Bremen,H,8.0,8.0,0.8,1.6,11.6,9.6,1.0,2.0,17.0,5.0,0.2,1.6,18.4,10.0,0.0,4.0,19.0,1.0,1511.0322390264278,1561.3631680483238,-50.330929021896054
205,Heidenheim,Stuttgart,D,7.0,8.0,0.6,2.0,13.6,13.8,0.0,4.0,13.0,1.0,1.8,0.8,13.6,13.6,3.0,1.0,42.0,10.0,1483.9485106079126,1609.4383582700955,-125.48984766218291
206,Augsburg,FC Koln,H,6.0,6.0,1.6,1.2,13.8,13.6,4.0,1.0,28.0,12.0,1.2,1.8,12.6,15.4,1.0,3.0,24.0,4.0,1576.1764919705472,1536.2267474812568,39.949744489290424
207,Hoffenheim,St Pauli,A,7.0,6.0,2.2,1.6,14.6,18.2,3.0,1.0,46.0,10.0,1.2,1.8,11.0,11.2,2.0,2.0,20.0,7.0,1731.5142738221766,1519.61118257972,211.90309124245664
208,Leverkusen,Mainz,D,7.0,8.0,1.8,0.6,12.4,11.2,3.0,1.0,39.0,10.0,1.6,1.4,13.6,12.8,3.0,1.0,22.0,10.0,1795.4029531605224,1598.1854279064073,197.21752525411512
209,M'gladbach,Union Berlin,H,6.0,7.0,0.6,2.0,12.0,13.4,0.0,3.0,22.0,2.0,1.0,2.0,11.4,11.2,1.0,3.0,28.0,4.0,1566.3118961819946,1589.3486340430632,-23.03673786106856
210,Werder Bremen,Heidenheim,H,6.0,6.0,0.4,1.8,17.6,8.4,0.0,4.0,19.0,1.0,1.0,2.4,13.0,13.6,0.0,4.0,14.0,1.0,1552.7842244950316,1486.545466198058,66.23875829697363
211,Dortmund,Bayern Munich,A,7.0,7.0,2.8,1.0,16.0,11.4,4.0,0.0,52.0,13.0,2.8,1.4,18.0,12.4,3.0,1.0,60.0,10.0,1851.5888234458616,1939.0922632357574,-87.50343978989576
212,Stuttgart,Wolfsburg,H,7.0,8.0,2.2,1.2,13.4,11.6,3.0,1.0,43.0,10.0,1.2,2.2,10.6,18.2,0.0,4.0,20.0,1.0,1606.84140267995,1544.475922247372,62.365480432578124
213,Ein Frankfurt,Freiburg,H,8.0,7.0,1.6,2.0,8.8,15.2,1.0,3.0,31.0,4.0,1.0,1.2,10.8,18.2,3.0,2.0,33.0,9.0,1637.1251253019266,1643.0306611016783,-5.90553579975176
214,Hamburg,RB Leipzig,A,9.0,8.0,1.6,1.0,12.0,14.0,2.0,0.0,26.0,9.0,1.6,1.6,15.8,9.8,1.0,1.0,41.0,6.0,1572.7756752242667,1723.2360706728512,-150.46039544858445
215,Hamburg,Leverkusen,A,3.0,4.0,1.8,1.4,12.4,15.0,2.0,1.0,26.0,8.0,1.8,0.8,12.2,9.4,2.0,1.0,40.0,8.0,1568.3347398062485,1791.550786226338,-223.21604642008947
216,Bayern Munich,M'gladbach,H,6.0,6.0,3.2,1.4,17.8,11.2,4.0,0.0,63.0,13.0,0.8,1.4,13.8,11.2,1.0,2.0,25.0,5.0,1942.858954574137,1574.3084566699233,368.55049790421367
217,Freiburg,Leverkusen,D,6.0,3.0,0.6,1.4,9.0,17.4,2.0,3.0,33.0,6.0,1.4,0.6,12.8,9.2,2.0,1.0,43.0,8.0,1635.4031921395383,1794.8014568278475,-159.39826468830915
218,Heidenheim,Hoffenheim,A,7.0,7.0,1.0,2.2,13.4,14.8,0.0,4.0,14.0,1.0,1.8,1.8,16.2,15.2,2.0,2.0,46.0,7.0,1480.458268743293,1719.9338162200206,-239.47554747672757
219,Mainz,Stuttgart,D,7.0,6.0,1.2,1.4,11.2,13.8,2.0,1.0,23.0,8.0,2.4,1.2,14.8,11.2,3.0,1.0,46.0,10.0,1602.0375948405917,1613.009410994299,-10.971816153707323
220,RB Leipzig,Augsburg,H,6.0,8.0,1.8,1.6,16.0,9.8,2.0,1.0,44.0,8.0,1.6,1.0,13.4,12.6,4.0,1.0,31.0,12.0,1727.6770060908693,1582.8178880809342,144.85911800993517
221,Wolfsburg,Hamburg,A,6.0,3.0,1.0,2.4,11.2,19.0,0.0,4.0,20.0,1.0,1.4,1.2,11.6,15.2,2.0,2.0,26.0,7.0,1538.307913933023,1565.084069204739,-26.776155271716107
222,FC Koln,Dortmund,A,8.0,7.0,1.0,1.8,10.8,15.6,1.0,3.0,24.0,4.0,2.6,1.6,15.0,12.2,3.0,1.0,52.0,10.0,1529.5853513708698,1847.822132107482,-318.2367807366122
223,St Pauli,Ein Frankfurt,D,8.0,7.0,1.2,1.6,11.8,12.8,3.0,2.0,23.0,9.0,1.8,1.4,10.0,14.0,2.0,2.0,34.0,7.0,1531.191640181876,1644.7525942640666,-113.56095408219062
224,Union Berlin,Werder Bremen,A,8.0,8.0,1.0,1.6,10.6,12.4,1.0,3.0,28.0,4.0,0.8,1.4,15.8,7.8,1.0,3.0,22.0,4.0,1581.3520735551344,1558.8714219497965,22.480651605337926
225,M'gladbach,St Pauli,H,7.0,5.0,0.8,2.0,14.4,11.2,1.0,3.0,25.0,4.0,1.0,1.2,10.6,12.0,3.0,1.0,24.0,10.0,1572.7031548850684,1533.5593283815433,39.14382650352513
226,Dortmund,Augsburg,H,7.0,7.0,2.4,1.4,13.8,12.6,3.0,1.0,55.0,10.0,1.4,1.2,14.2,12.6,3.0,2.0,31.0,9.0,1849.2022313401123,1578.2754964230771,270.9267349170352
227,Ein Frankfurt,Heidenheim,H,6.0,7.0,1.6,0.8,9.4,14.0,2.0,1.0,35.0,8.0,1.0,2.4,12.6,14.2,0.0,4.0,14.0,1.0,1642.3849060643993,1477.4395958415214,164.94531022287788
228,Hoffenheim,Wolfsburg,D,7.0,7.0,2.0,2.0,17.6,13.6,2.0,2.0,49.0,7.0,1.2,2.6,11.2,18.0,0.0,4.0,20.0,1.0,1722.9524891217923,1531.3847820624094,191.56770705938288
229,Leverkusen,Bayern Munich,D,7.0,8.0,1.8,1.0,14.2,11.6,2.0,1.0,44.0,8.0,3.6,1.2,18.8,10.4,5.0,0.0,66.0,15.0,1791.5832555393652,1943.9291557640402,-152.345900224675
230,Hamburg,FC Koln,D,7.0,7.0,1.4,1.4,10.8,14.0,2.0,2.0,29.0,7.0,1.0,2.2,10.6,15.4,0.0,4.0,24.0,1.0,1572.0072010753527,1527.5152025219245,44.491998553428175
232,Stuttgart,RB Leipzig,H,8.0,8.0,2.6,1.6,13.4,12.6,2.0,1.0,47.0,8.0,2.0,1.4,16.4,10.8,3.0,0.0,47.0,11.0,1612.7726440046713,1732.2193977487264,-119.44675374405506
233,Werder Bremen,Mainz,A,7.0,8.0,1.4,1.4,15.2,8.2,2.0,3.0,25.0,6.0,1.2,1.6,12.6,13.0,1.0,1.0,24.0,6.0,1566.8560297145461,1602.2743618302195,-35.418332115673365
231,Freiburg,Union Berlin,A,8.0,7.0,1.2,1.8,11.0,17.2,2.0,2.0,34.0,7.0,1.0,1.8,9.2,13.6,1.0,3.0,28.0,4.0,1638.6213934280206,1573.3674657903848,65.2539276376358
234,RB Leipzig,Hoffenheim,H,5.0,6.0,1.6,1.4,14.4,11.4,2.0,1.0,47.0,8.0,2.0,1.2,20.0,9.0,2.0,1.0,50.0,8.0,1722.237936182558,1719.1908572089435,3.047078973614589
235,Bayern Munich,Union Berlin,H,7.0,6.0,2.8,1.2,15.6,12.8,4.0,0.0,67.0,13.0,1.0,1.6,8.8,16.8,2.0,3.0,31.0,6.0,1941.8672091341084,1582.259752535139,359.6074565989695
236,FC Koln,M'gladbach,D,7.0,8.0,1.0,2.0,10.6,12.6,0.0,3.0,25.0,2.0,1.0,1.8,14.6,10.8,2.0,3.0,28.0,6.0,1528.470423683274,1579.3617246601043,-50.89130097683028
237,Heidenheim,Leverkusen,D,7.0,7.0,1.0,2.2,9.2,13.8,0.0,4.0,14.0,1.0,1.2,1.2,16.0,11.6,1.0,1.0,45.0,6.0,1473.2548196545954,1794.6761754842628,-321.4213558296674
238,Wolfsburg,Werder Bremen,A,7.0,6.0,1.2,2.4,9.6,18.0,0.0,3.0,21.0,2.0,1.4,1.6,15.0,9.0,2.0,3.0,25.0,6.0,1535.1464139752582,1560.1179583273617,-24.971544352103592
239,Dortmund,Hamburg,H,7.0,7.0,2.4,1.2,12.8,11.6,3.0,1.0,58.0,10.0,1.0,1.2,9.2,13.6,1.0,2.0,30.0,5.0,1850.9393010639353,1571.0519799140031,279.8873211499322
240,Mainz,Ein Frankfurt,H,7.0,8.0,1.2,1.6,12.8,13.4,1.0,1.0,27.0,6.0,1.6,0.6,11.2,12.4,3.0,1.0,38.0,10.0,1609.012433217404,1646.5696822513253,-37.55724903392138
241,St Pauli,Freiburg,A,9.0,7.0,0.6,1.4,9.2,12.6,2.0,2.0,24.0,7.0,1.0,2.0,13.4,15.6,1.0,3.0,34.0,4.0,1526.9007586065075,1629.7291066832665,-102.82834807675908
242,Augsburg,Stuttgart,A,8.0,7.0,1.4,1.2,12.8,13.8,3.0,2.0,31.0,9.0,2.6,1.2,14.6,11.4,3.0,0.0,50.0,11.0,1575.6698918373427,1622.7541055708396,-47.08421373349688
249,Hoffenheim,Mainz,A,15.0,13.0,1.4,2.2,16.6,9.2,1.0,2.0,50.0,5.0,1.6,1.0,12.4,13.0,2.0,0.0,30.0,9.0,1711.7566320096453,1617.3200283993367,94.43660361030857
248,Freiburg,Bayern Munich,A,13.0,14.0,1.4,1.6,13.8,13.0,2.0,2.0,37.0,7.0,3.0,1.2,19.6,11.0,4.0,0.0,70.0,13.0,1635.071997278334,1942.9876129388017,-307.91561566046767
246,M'gladbach,Heidenheim,D,14.0,14.0,1.6,1.8,12.4,10.8,2.0,2.0,29.0,7.0,1.6,2.6,7.8,14.2,0.0,3.0,15.0,2.0,1578.2709376086984,1478.7171665513904,99.55377105730804
247,Hamburg,Augsburg,D,14.0,13.0,1.2,1.6,7.2,15.0,1.0,3.0,30.0,4.0,1.6,2.2,13.0,13.2,2.0,3.0,31.0,6.0,1568.5555674798413,1569.1801094782775,-0.6245419984361433
244,Werder Bremen,RB Leipzig,A,14.0,15.0,1.6,1.0,13.8,9.0,3.0,2.0,28.0,9.0,2.2,1.0,13.2,11.0,3.0,1.0,50.0,10.0,1567.079830521825,1729.6721613818563,-162.59233086003132
243,Stuttgart,Dortmund,A,13.0,14.0,3.0,1.4,14.6,12.0,3.0,0.0,53.0,11.0,2.2,1.6,14.8,10.4,3.0,1.0,61.0,10.0,1629.2438879299048,1852.6035760200432,-223.35968809013843
245,Leverkusen,Wolfsburg,H,14.0,14.0,1.8,1.6,15.6,11.8,1.0,0.0,46.0,7.0,0.8,2.2,9.8,15.6,0.0,4.0,21.0,1.0,1789.2138285874678,1528.184541780795,261.02928680667287
250,Union Berlin,St Pauli,D,15.0,14.0,0.6,1.8,7.4,20.4,2.0,3.0,31.0,6.0,0.8,1.0,9.4,13.2,2.0,2.0,24.0,7.0,1580.5791468280988,1521.55786801144,59.02127881665888
251,Ein Frankfurt,FC Koln,D,14.0,15.0,1.2,1.0,11.2,10.0,2.0,2.0,38.0,7.0,1.4,2.0,11.0,11.8,0.0,2.0,26.0,3.0,1638.2620870693925,1529.56121073468,108.70087633471258
252,Augsburg,Hoffenheim,D,6.0,6.0,1.2,2.0,13.6,14.8,1.0,3.0,32.0,4.0,1.2,2.2,16.2,9.2,1.0,3.0,50.0,4.0,1569.1666276700278,1702.2668174664682,-133.10018979644042
253,Dortmund,Leverkusen,A,7.0,7.0,2.2,1.2,13.6,10.4,4.0,1.0,64.0,12.0,2.8,2.0,18.2,12.4,2.0,0.0,49.0,9.0,1854.7692864950952,1791.944387559956,62.82489893513912
254,Heidenheim,Union Berlin,H,7.0,6.0,1.4,2.4,8.8,14.8,0.0,3.0,16.0,2.0,0.6,2.0,9.0,19.0,1.0,3.0,32.0,4.0,1480.8092616317078,1579.3171861059102,-98.50792447420235
255,RB Leipzig,M'gladbach,H,7.0,7.0,2.2,0.8,12.0,11.4,4.0,1.0,53.0,12.0,1.8,1.8,13.0,11.8,2.0,1.0,30.0,8.0,1733.897928303495,1576.178842528381,157.71908577511408
256,Wolfsburg,Ein Frankfurt,A,7.0,6.0,1.0,2.8,10.0,17.6,0.0,4.0,21.0,1.0,1.2,0.8,13.4,8.0,2.0,1.0,39.0,8.0,1525.4539828083066,1635.9892690574911,-110.53528624918454
257,St Pauli,Bayern Munich,A,6.0,7.0,0.6,1.0,10.2,13.8,1.0,2.0,25.0,5.0,3.0,1.2,19.0,11.8,4.0,0.0,73.0,13.0,1522.8198287336286,1944.4399240715313,-421.62009533790274
258,FC Koln,Werder Bremen,H,7.0,8.0,1.4,2.0,12.0,12.2,0.0,2.0,27.0,3.0,1.6,1.0,13.8,9.4,3.0,2.0,28.0,9.0,1531.8340287465812,1562.8540636001862,-31.02003485360501
259,Stuttgart,Hamburg,H,8.0,8.0,2.4,1.2,14.8,11.0,3.0,1.0,53.0,10.0,1.2,1.4,9.4,16.0,1.0,2.0,31.0,5.0,1625.995322217327,1568.569049288091,57.42627292923589
260,Mainz,Freiburg,A,8.0,8.0,1.8,1.0,10.8,13.4,3.0,0.0,33.0,11.0,1.4,2.0,14.4,14.8,1.0,3.0,37.0,4.0,1626.8098429425138,1632.8935305792395,-6.083687636725699
261,St Pauli,FC Koln,D,6.0,5.0,0.4,2.0,9.2,13.8,0.0,3.0,25.0,2.0,2.0,1.8,15.0,10.6,1.0,1.0,30.0,6.0,1521.6028211645169,1540.00187640281,-18.39905523829316
264,Hoffenheim,Dortmund,H,8.0,7.0,1.6,2.4,14.8,10.4,1.0,2.0,51.0,5.0,1.8,0.8,14.4,9.8,4.0,1.0,64.0,12.0,1699.5263874685445,1848.8748905190978,-149.3485030505533
265,Leverkusen,Augsburg,A,7.0,8.0,2.8,2.0,17.6,13.2,2.0,0.0,52.0,9.0,1.2,2.4,14.2,15.4,0.0,3.0,33.0,2.0,1800.7859815239524,1571.9070576679514,228.87892385600094
262,Union Berlin,Wolfsburg,A,7.0,7.0,0.8,2.4,9.8,16.2,1.0,3.0,32.0,4.0,1.2,2.4,12.4,14.8,0.0,4.0,21.0,1.0,1569.7459281819831,1520.2627054047343,49.483222777248784
263,Werder Bremen,Hamburg,H,6.0,6.0,1.4,1.6,11.6,12.6,2.0,3.0,28.0,6.0,1.2,2.0,9.2,17.8,1.0,2.0,31.0,5.0,1554.6862159439574,1562.2975282190182,-7.6113122750607545
266,Ein Frankfurt,RB Leipzig,A,7.0,7.0,1.2,1.0,12.4,11.6,2.0,1.0,42.0,8.0,2.0,0.6,14.2,13.0,4.0,1.0,56.0,12.0,1641.1805464610634,1738.2093622086172,-97.02881574755384
268,Freiburg,Heidenheim,H,7.0,8.0,1.6,1.6,15.2,13.8,2.0,2.0,40.0,7.0,2.0,2.2,8.4,13.4,1.0,2.0,19.0,5.0,1640.262217045274,1490.380519555635,149.881697489639
267,Bayern Munich,Stuttgart,H,8.0,7.0,3.4,0.8,20.2,11.0,4.0,0.0,76.0,13.0,2.4,1.2,14.6,10.8,3.0,1.0,56.0,10.0,1945.251262450939,1632.2668432863998,312.9844191645393
269,M'gladbach,Mainz,D,8.0,7.0,1.6,2.0,11.8,15.4,1.0,2.0,30.0,5.0,1.6,1.0,11.2,12.6,3.0,1.0,33.0,10.0,1571.8674086232588,1619.4411564764794,-47.57374785322054
